[
  {
    "id": "spring-boot-configuration-properties",
    "title": "Spring Boot Configuration Properties",
    "date": "2026-02-04",
    "summary": "Learn how to use @ConfigurationProperties for type-safe configuration, validate settings with @Validated, and manage environment-specific values with profile-specific application-{profile}.yml files.",
    "thumbnail": "/images/spring-boot-configuration-properties-thumbnail.webp",
    "topics": [
      {
        "id": "java",
        "name": "Java",
        "color": "red"
      },
      {
        "id": "kotlin",
        "name": "Kotlin",
        "color": "purple"
      },
      {
        "id": "spring-boot",
        "name": "Spring Boot",
        "color": "green"
      },
      {
        "id": "configuration",
        "name": "Configuration",
        "color": "blue"
      },
      {
        "id": "programming",
        "name": "Programming",
        "color": "brown"
      }
    ],
    "readingTimeMin": 3,
    "searchText": "spring boot configuration properties learn how to use configurationproperties for type safe configuration validate settings with validated and manage environment specific values with profile specific application profile yml files java kotlin spring boot configuration programming"
  },
  {
    "id": "spring-boot-graphql-jwe-authentication",
    "title": "Spring Boot GraphQL JWE Authentication",
    "date": "2025-05-17",
    "summary": "Learn how to secure your Spring Boot GraphQL APIs with stateless encrypted JWTs (JWE) while persisting user identities and roles in a JPA-backed database.",
    "thumbnail": "/images/spring-boot-graphql-jwe-auth-thumbnail.webp",
    "topics": [
      {
        "id": "java",
        "name": "Java",
        "color": "red"
      },
      {
        "id": "kotlin",
        "name": "Kotlin",
        "color": "purple"
      },
      {
        "id": "spring-boot",
        "name": "Spring Boot",
        "color": "green"
      },
      {
        "id": "security",
        "name": "Security",
        "color": "blue"
      },
      {
        "id": "jwt",
        "name": "JWT",
        "color": "pink"
      },
      {
        "id": "jwe",
        "name": "JWE",
        "color": "orange"
      },
      {
        "id": "graphql",
        "name": "GraphQL",
        "color": "pink"
      },
      {
        "id": "programming",
        "name": "Programming",
        "color": "brown"
      }
    ],
    "readingTimeMin": 6,
    "searchText": "spring boot graphql jwe authentication learn how to secure your spring boot graphql apis with stateless encrypted jwts jwe while persisting user identities and roles in a jpa backed database java kotlin spring boot security jwt jwe graphql programming"
  },
  {
    "id": "spring-boot-jwe-authentication-with-jpa",
    "title": "Spring Boot JWE Authentication with JPA",
    "date": "2025-05-11",
    "summary": "Learn how to use stateless encrypted JWTs (JWE) to secure your Spring Boot APIs while persisting user identities and roles in a JPA-backed database.",
    "thumbnail": "/images/spring-boot-jwe-auth-with-jpa-thumbnail.webp",
    "topics": [
      {
        "id": "java",
        "name": "Java",
        "color": "red"
      },
      {
        "id": "kotlin",
        "name": "Kotlin",
        "color": "purple"
      },
      {
        "id": "spring-boot",
        "name": "Spring Boot",
        "color": "green"
      },
      {
        "id": "security",
        "name": "Security",
        "color": "blue"
      },
      {
        "id": "jwt",
        "name": "JWT",
        "color": "pink"
      },
      {
        "id": "jwe",
        "name": "JWE",
        "color": "orange"
      },
      {
        "id": "jpa",
        "name": "JPA",
        "color": "blue"
      },
      {
        "id": "programming",
        "name": "Programming",
        "color": "brown"
      }
    ],
    "readingTimeMin": 4,
    "searchText": "spring boot jwe authentication with jpa learn how to use stateless encrypted jwts jwe to secure your spring boot apis while persisting user identities and roles in a jpa backed database java kotlin spring boot security jwt jwe jpa programming"
  },
  {
    "id": "spring-boot-ldap-jwe-authentication",
    "title": "Spring Boot LDAP and JWE Authentication",
    "date": "2025-05-10",
    "summary": "Learn how to use LDAP authentication with JWE-encrypted JWTs to secure your Spring Boot APIs with both external directory integration and token confidentiality.",
    "thumbnail": "/images/spring-boot-ldap-jwe-auth-thumbnail.webp",
    "topics": [
      {
        "id": "java",
        "name": "Java",
        "color": "red"
      },
      {
        "id": "kotlin",
        "name": "Kotlin",
        "color": "purple"
      },
      {
        "id": "spring-boot",
        "name": "Spring Boot",
        "color": "green"
      },
      {
        "id": "security",
        "name": "Security",
        "color": "blue"
      },
      {
        "id": "jwt",
        "name": "JWT",
        "color": "pink"
      },
      {
        "id": "jwe",
        "name": "JWE",
        "color": "orange"
      },
      {
        "id": "ldap",
        "name": "LDAP",
        "color": "red"
      },
      {
        "id": "programming",
        "name": "Programming",
        "color": "brown"
      }
    ],
    "readingTimeMin": 3,
    "searchText": "spring boot ldap and jwe authentication learn how to use ldap authentication with jwe encrypted jwts to secure your spring boot apis with both external directory integration and token confidentiality java kotlin spring boot security jwt jwe ldap programming"
  },
  {
    "id": "spring-boot-jwe-authentication",
    "title": "Spring Boot JWE Authentication",
    "date": "2025-05-03",
    "summary": "Learn how to use JWE to encrypt your JWTs and secure your Spring Boot APIs for confidentiality and integrity.",
    "thumbnail": "/images/spring-boot-jwe-auth-thumbnail.webp",
    "topics": [
      {
        "id": "java",
        "name": "Java",
        "color": "red"
      },
      {
        "id": "kotlin",
        "name": "Kotlin",
        "color": "purple"
      },
      {
        "id": "spring-boot",
        "name": "Spring Boot",
        "color": "green"
      },
      {
        "id": "security",
        "name": "Security",
        "color": "blue"
      },
      {
        "id": "jwt",
        "name": "JWT",
        "color": "pink"
      },
      {
        "id": "jwe",
        "name": "JWE",
        "color": "orange"
      },
      {
        "id": "programming",
        "name": "Programming",
        "color": "brown"
      }
    ],
    "readingTimeMin": 3,
    "searchText": "spring boot jwe authentication learn how to use jwe to encrypt your jwts and secure your spring boot apis for confidentiality and integrity java kotlin spring boot security jwt jwe programming"
  },
  {
    "id": "spring-boot-http-interface-client",
    "title": "Spring Boot HTTP Interface Client",
    "date": "2025-04-27",
    "summary": "Learn how to use Spring Boot 3.2+ HTTP Interface Client for declarative, type-safe HTTP calls.",
    "thumbnail": "/images/spring-boot-http-interface-thumbnail.webp",
    "topics": [
      {
        "id": "java",
        "name": "Java",
        "color": "red"
      },
      {
        "id": "kotlin",
        "name": "Kotlin",
        "color": "purple"
      },
      {
        "id": "spring-boot",
        "name": "Spring Boot",
        "color": "green"
      },
      {
        "id": "rest-api",
        "name": "REST API",
        "color": "blue"
      },
      {
        "id": "rest-client",
        "name": "Rest Client",
        "color": "orange"
      },
      {
        "id": "programming",
        "name": "Programming",
        "color": "brown"
      }
    ],
    "readingTimeMin": 3,
    "searchText": "spring boot http interface client learn how to use spring boot 3 2 http interface client for declarative type safe http calls java kotlin spring boot rest api rest client programming"
  },
  {
    "id": "spring-boot-async-tasks-virtual",
    "title": "Spring Boot Async Tasks with Virtual Thread",
    "date": "2025-04-26",
    "summary": "Learn how to run asynchronous tasks with `@Async` on JDK 21 virtual threads in Spring Boot.",
    "thumbnail": "/images/spring-boot-async-virtual-thumbnail.webp",
    "topics": [
      {
        "id": "java",
        "name": "Java",
        "color": "red"
      },
      {
        "id": "kotlin",
        "name": "Kotlin",
        "color": "purple"
      },
      {
        "id": "spring-boot",
        "name": "Spring Boot",
        "color": "green"
      },
      {
        "id": "async-tasks",
        "name": "Async Tasks",
        "color": "blue"
      },
      {
        "id": "virtual-thread",
        "name": "Virtual Thread",
        "color": "orange"
      },
      {
        "id": "programming",
        "name": "Programming",
        "color": "brown"
      }
    ],
    "readingTimeMin": 3,
    "searchText": "spring boot async tasks with virtual thread learn how to run asynchronous tasks with async on jdk 21 virtual threads in spring boot java kotlin spring boot async tasks virtual thread programming"
  },
  {
    "id": "spring-boot-ai",
    "title": "Spring Boot AI Integration",
    "date": "2025-04-23",
    "summary": "Learn how to integrate AI models into Spring Boot applications using Spring AI for modular, portable, and observable AI workflows.",
    "thumbnail": "/images/spring-boot-ai-thumbnail.webp",
    "topics": [
      {
        "id": "java",
        "name": "Java",
        "color": "red"
      },
      {
        "id": "kotlin",
        "name": "Kotlin",
        "color": "purple"
      },
      {
        "id": "spring-boot",
        "name": "Spring Boot",
        "color": "green"
      },
      {
        "id": "spring-ai",
        "name": "Spring AI",
        "color": "orange"
      },
      {
        "id": "ai",
        "name": "Artificial Intelligence",
        "color": "pink"
      },
      {
        "id": "programming",
        "name": "Programming",
        "color": "brown"
      }
    ],
    "readingTimeMin": 3,
    "searchText": "spring boot ai integration learn how to integrate ai models into spring boot applications using spring ai for modular portable and observable ai workflows java kotlin spring boot spring ai artificial intelligence programming"
  },
  {
    "id": "https://medium.com/p/3703a3b9fd29",
    "title": "Spring Boot GraalVM Native Image",
    "date": "Tue, 22 Apr 2025 08:02:29 GMT",
    "summary": "📖 Introduction\nJava applications often suffer from long startup times and high memory consumption, making modern software development more challenging. However, GraalVM Native Image offers a groundbr...",
    "thumbnail": "https://cdn-images-1.medium.com/max/1024/1*07CXmp711t--05EF398hwQ.jpeg",
    "topics": [
      {
        "id": "upx",
        "name": "upx",
        "color": "cyan",
        "link": "https://medium.com/tag/upx"
      },
      {
        "id": "kubernetes",
        "name": "kubernetes",
        "color": "red",
        "link": "https://medium.com/tag/kubernetes"
      },
      {
        "id": "spring-boot",
        "name": "spring-boot",
        "color": "pink",
        "link": "https://medium.com/tag/spring-boot"
      },
      {
        "id": "native-image",
        "name": "native-image",
        "color": "purple",
        "link": "https://medium.com/tag/native-image"
      },
      {
        "id": "graalvm",
        "name": "graalvm",
        "color": "yellow",
        "link": "https://medium.com/tag/graalvm"
      }
    ],
    "readingTimeMin": 2,
    "source": "medium",
    "link": "https://medium.com/yapi-kredi-teknoloji/spring-boot-graalvm-native-image-3703a3b9fd29?source=rss-bda589f2335a------2",
    "searchText": "spring boot graalvm native image introduction java applications often suffer from long startup times and high memory consumption making modern software development more challenging however graalvm native image offers a groundbr upx kubernetes spring boot native image graalvm"
  },
  {
    "id": "spring-boot-jpa-auditing",
    "title": "Spring Boot JPA Auditing",
    "date": "2025-04-10",
    "summary": "Learn how to automatically track created and modified fields in your Spring Boot applications using JPA Auditing.",
    "thumbnail": "/images/spring-boot-jpa-auditing-thumbnail.webp",
    "topics": [
      {
        "id": "java",
        "name": "Java",
        "color": "red"
      },
      {
        "id": "kotlin",
        "name": "Kotlin",
        "color": "purple"
      },
      {
        "id": "spring-boot",
        "name": "Spring Boot",
        "color": "green"
      },
      {
        "id": "spring-data",
        "name": "Spring Data",
        "color": "yellow"
      },
      {
        "id": "jpa",
        "name": "JPA",
        "color": "blue"
      },
      {
        "id": "auditing",
        "name": "Auditing",
        "color": "orange"
      },
      {
        "id": "programming",
        "name": "Programming",
        "color": "brown"
      }
    ],
    "readingTimeMin": 3,
    "searchText": "spring boot jpa auditing learn how to automatically track created and modified fields in your spring boot applications using jpa auditing java kotlin spring boot spring data jpa auditing programming"
  },
  {
    "id": "spring-boot-tdd",
    "title": "Spring Boot Test-Driven Development",
    "date": "2025-04-09",
    "summary": "Learn how to apply TDD in Spring Boot by writing unit tests first, implementing logic, and ensuring code quality through testing.",
    "thumbnail": "/images/spring-boot-tdd-thumbnail.webp",
    "topics": [
      {
        "id": "java",
        "name": "Java",
        "color": "red"
      },
      {
        "id": "kotlin",
        "name": "Kotlin",
        "color": "purple"
      },
      {
        "id": "spring-boot",
        "name": "Spring Boot",
        "color": "green"
      },
      {
        "id": "tdd",
        "name": "TDD",
        "color": "blue"
      },
      {
        "id": "testing",
        "name": "Testing",
        "color": "orange"
      },
      {
        "id": "programming",
        "name": "Programming",
        "color": "brown"
      }
    ],
    "readingTimeMin": 3,
    "searchText": "spring boot test driven development learn how to apply tdd in spring boot by writing unit tests first implementing logic and ensuring code quality through testing java kotlin spring boot tdd testing programming"
  },
  {
    "id": "spring-boot-circuit-breaker",
    "title": "Spring Boot Circuit Breaker",
    "date": "2025-03-13",
    "summary": "Learn how to implement Circuit Breaker in Spring Boot applications for resilient microservices.",
    "thumbnail": "/images/spring-boot-circuit-breaker-thumbnail.webp",
    "topics": [
      {
        "id": "java",
        "name": "Java",
        "color": "red"
      },
      {
        "id": "kotlin",
        "name": "Kotlin",
        "color": "purple"
      },
      {
        "id": "spring-boot",
        "name": "Spring Boot",
        "color": "green"
      },
      {
        "id": "spring-cloud",
        "name": "Spring Cloud",
        "color": "pink"
      },
      {
        "id": "circuit-breaker",
        "name": "Circuit Breaker",
        "color": "blue"
      },
      {
        "id": "microservice",
        "name": "Microservice",
        "color": "orange"
      },
      {
        "id": "programming",
        "name": "Programming",
        "color": "brown"
      }
    ],
    "readingTimeMin": 3,
    "searchText": "spring boot circuit breaker learn how to implement circuit breaker in spring boot applications for resilient microservices java kotlin spring boot spring cloud circuit breaker microservice programming"
  },
  {
    "id": "spring-boot-eureka-server",
    "title": "Spring Boot Eureka Server",
    "date": "2025-02-23",
    "summary": "Learn how to set up and configure a Spring Boot Eureka Server for service discovery in microservices architecture.",
    "thumbnail": "/images/spring-boot-eureka-server-thumbnail.webp",
    "topics": [
      {
        "id": "java",
        "name": "Java",
        "color": "red"
      },
      {
        "id": "kotlin",
        "name": "Kotlin",
        "color": "purple"
      },
      {
        "id": "spring-boot",
        "name": "Spring Boot",
        "color": "green"
      },
      {
        "id": "spring-cloud",
        "name": "Spring Cloud",
        "color": "pink"
      },
      {
        "id": "eureka-server",
        "name": "Eureka Server",
        "color": "blue"
      },
      {
        "id": "microservice",
        "name": "Microservice",
        "color": "orange"
      },
      {
        "id": "programming",
        "name": "Programming",
        "color": "brown"
      }
    ],
    "readingTimeMin": 3,
    "searchText": "spring boot eureka server learn how to set up and configure a spring boot eureka server for service discovery in microservices architecture java kotlin spring boot spring cloud eureka server microservice programming"
  },
  {
    "id": "spring-boot-config-server",
    "title": "Spring Boot Config Server",
    "date": "2025-02-22",
    "summary": "Learn how to use Spring Boot Config Server to centralize and manage application configurations efficiently.",
    "thumbnail": "/images/spring-boot-config-server-thumbnail.webp",
    "topics": [
      {
        "id": "java",
        "name": "Java",
        "color": "red"
      },
      {
        "id": "kotlin",
        "name": "Kotlin",
        "color": "purple"
      },
      {
        "id": "spring-boot",
        "name": "Spring Boot",
        "color": "green"
      },
      {
        "id": "spring-cloud",
        "name": "Spring Cloud",
        "color": "pink"
      },
      {
        "id": "config-server",
        "name": "Config Server",
        "color": "blue"
      },
      {
        "id": "microservice",
        "name": "Microservice",
        "color": "orange"
      },
      {
        "id": "programming",
        "name": "Programming",
        "color": "brown"
      }
    ],
    "readingTimeMin": 3,
    "searchText": "spring boot config server learn how to use spring boot config server to centralize and manage application configurations efficiently java kotlin spring boot spring cloud config server microservice programming"
  },
  {
    "id": "spring-boot-docker",
    "title": "Spring Boot Docker Integration",
    "date": "2025-02-21",
    "summary": "Learn how to build and deploy Spring Boot applications using Docker with Buildpacks and Jib for efficient containerization.",
    "thumbnail": "/images/spring-boot-docker-thumbnail.webp",
    "topics": [
      {
        "id": "java",
        "name": "Java",
        "color": "red"
      },
      {
        "id": "kotlin",
        "name": "Kotlin",
        "color": "purple"
      },
      {
        "id": "spring-boot",
        "name": "Spring Boot",
        "color": "green"
      },
      {
        "id": "docker",
        "name": "Docker",
        "color": "blue"
      },
      {
        "id": "containerization",
        "name": "Containerization",
        "color": "orange"
      },
      {
        "id": "jib",
        "name": "Jib",
        "color": "pink"
      },
      {
        "id": "programming",
        "name": "Programming",
        "color": "brown"
      }
    ],
    "readingTimeMin": 3,
    "searchText": "spring boot docker integration learn how to build and deploy spring boot applications using docker with buildpacks and jib for efficient containerization java kotlin spring boot docker containerization jib programming"
  },
  {
    "id": "spring-boot-kubernetes",
    "title": "Spring Boot Kubernetes Integration",
    "date": "2025-02-21",
    "summary": "Learn how to deploy Spring Boot applications on Kubernetes for scalable, containerized microservices.",
    "thumbnail": "/images/spring-boot-kubernetes-thumbnail.webp",
    "topics": [
      {
        "id": "java",
        "name": "Java",
        "color": "red"
      },
      {
        "id": "kotlin",
        "name": "Kotlin",
        "color": "purple"
      },
      {
        "id": "spring-boot",
        "name": "Spring Boot",
        "color": "green"
      },
      {
        "id": "kubernetes",
        "name": "Kubernetes",
        "color": "blue"
      },
      {
        "id": "microservice",
        "name": "Microservice",
        "color": "orange"
      },
      {
        "id": "containerization",
        "name": "Containerization",
        "color": "orange"
      },
      {
        "id": "programming",
        "name": "Programming",
        "color": "brown"
      }
    ],
    "readingTimeMin": 3,
    "searchText": "spring boot kubernetes integration learn how to deploy spring boot applications on kubernetes for scalable containerized microservices java kotlin spring boot kubernetes microservice containerization programming"
  },
  {
    "id": "spring-boot-async-tasks",
    "title": "Spring Boot Async Tasks",
    "date": "2025-02-20",
    "summary": "Learn how to use @Async in Spring Boot to execute tasks asynchronously without blocking the main thread.",
    "thumbnail": "/images/spring-boot-async-thumbnail.webp",
    "topics": [
      {
        "id": "java",
        "name": "Java",
        "color": "red"
      },
      {
        "id": "kotlin",
        "name": "Kotlin",
        "color": "purple"
      },
      {
        "id": "spring-boot",
        "name": "Spring Boot",
        "color": "green"
      },
      {
        "id": "async-tasks",
        "name": "Async Tasks",
        "color": "blue"
      },
      {
        "id": "programming",
        "name": "Programming",
        "color": "brown"
      }
    ],
    "readingTimeMin": 3,
    "searchText": "spring boot async tasks learn how to use async in spring boot to execute tasks asynchronously without blocking the main thread java kotlin spring boot async tasks programming"
  },
  {
    "id": "spring-boot-scheduled-tasks",
    "title": "Spring Boot Scheduled Tasks",
    "date": "2025-02-20",
    "summary": "Learn how to use @Scheduled in Spring Boot to run background tasks at fixed intervals or cron expressions.",
    "thumbnail": "/images/spring-boot-scheduled-thumbnail.webp",
    "topics": [
      {
        "id": "java",
        "name": "Java",
        "color": "red"
      },
      {
        "id": "kotlin",
        "name": "Kotlin",
        "color": "purple"
      },
      {
        "id": "spring-boot",
        "name": "Spring Boot",
        "color": "green"
      },
      {
        "id": "scheduled-tasks",
        "name": "Scheduled Tasks",
        "color": "blue"
      },
      {
        "id": "programming",
        "name": "Programming",
        "color": "brown"
      }
    ],
    "readingTimeMin": 3,
    "searchText": "spring boot scheduled tasks learn how to use scheduled in spring boot to run background tasks at fixed intervals or cron expressions java kotlin spring boot scheduled tasks programming"
  },
  {
    "id": "spring-boot-reactive-programming",
    "title": "Spring Boot Reactive Programming",
    "date": "2025-02-19",
    "summary": "Learn how to build reactive applications using Spring Boot with Project Reactor and WebFlux for high-performance asynchronous processing.",
    "thumbnail": "/images/spring-boot-reactive-thumbnail.webp",
    "topics": [
      {
        "id": "java",
        "name": "Java",
        "color": "red"
      },
      {
        "id": "kotlin",
        "name": "Kotlin",
        "color": "purple"
      },
      {
        "id": "spring-boot",
        "name": "Spring Boot",
        "color": "green"
      },
      {
        "id": "reactive-programming",
        "name": "Reactive Programming",
        "color": "blue"
      },
      {
        "id": "webflux",
        "name": "Spring WebFlux",
        "color": "orange"
      },
      {
        "id": "programming",
        "name": "Programming",
        "color": "brown"
      }
    ],
    "readingTimeMin": 3,
    "searchText": "spring boot reactive programming learn how to build reactive applications using spring boot with project reactor and webflux for high performance asynchronous processing java kotlin spring boot reactive programming spring webflux programming"
  },
  {
    "id": "spring-boot-graalvm",
    "title": "Spring Boot GraalVM Native Application",
    "date": "2024-12-28",
    "summary": "Learn how to build and deploy a Spring Boot application as a GraalVM native image for improved startup time and reduced resource usage.",
    "thumbnail": "/images/spring-boot-graalvm-thumbnail.webp",
    "topics": [
      {
        "id": "java",
        "name": "Java",
        "color": "red"
      },
      {
        "id": "kotlin",
        "name": "Kotlin",
        "color": "purple"
      },
      {
        "id": "spring-boot",
        "name": "Spring Boot",
        "color": "green"
      },
      {
        "id": "graalvm",
        "name": "GraalVM",
        "color": "pink"
      },
      {
        "id": "native-image",
        "name": "Native Image",
        "color": "orange"
      },
      {
        "id": "programming",
        "name": "Programming",
        "color": "brown"
      }
    ],
    "readingTimeMin": 3,
    "searchText": "spring boot graalvm native application learn how to build and deploy a spring boot application as a graalvm native image for improved startup time and reduced resource usage java kotlin spring boot graalvm native image programming"
  },
  {
    "id": "spring-boot-kafka",
    "title": "Spring Boot Kafka Integration",
    "date": "2024-12-25",
    "summary": "Learn how to integrate Apache Kafka with Spring Boot to send and consume JSON messages through Kafka topics.",
    "thumbnail": "/images/spring-boot-kafka-thumbnail.webp",
    "topics": [
      {
        "id": "java",
        "name": "Java",
        "color": "red"
      },
      {
        "id": "kotlin",
        "name": "Kotlin",
        "color": "purple"
      },
      {
        "id": "spring-boot",
        "name": "Spring Boot",
        "color": "green"
      },
      {
        "id": "kafka",
        "name": "Kafka",
        "color": "orange"
      },
      {
        "id": "messaging",
        "name": "Messaging",
        "color": "brown"
      },
      {
        "id": "programming",
        "name": "Programming",
        "color": "brown"
      }
    ],
    "readingTimeMin": 3,
    "searchText": "spring boot kafka integration learn how to integrate apache kafka with spring boot to send and consume json messages through kafka topics java kotlin spring boot kafka messaging programming"
  },
  {
    "id": "spring-boot-redis-caching",
    "title": "Spring Boot Redis Caching",
    "date": "2024-12-22",
    "summary": "Learn how to implement Redis caching in your Spring Boot application to improve performance and efficiency.",
    "thumbnail": "/images/spring-boot-redis-thumbnail.webp",
    "topics": [
      {
        "id": "java",
        "name": "Java",
        "color": "red"
      },
      {
        "id": "kotlin",
        "name": "Kotlin",
        "color": "purple"
      },
      {
        "id": "spring-boot",
        "name": "Spring Boot",
        "color": "green"
      },
      {
        "id": "redis",
        "name": "Redis",
        "color": "orange"
      },
      {
        "id": "caching",
        "name": "Caching",
        "color": "brown"
      },
      {
        "id": "programming",
        "name": "Programming",
        "color": "brown"
      }
    ],
    "readingTimeMin": 3,
    "searchText": "spring boot redis caching learn how to implement redis caching in your spring boot application to improve performance and efficiency java kotlin spring boot redis caching programming"
  },
  {
    "id": "spring-boot-openapi",
    "title": "Spring Boot with OpenAPI",
    "date": "2024-12-20",
    "summary": "Learn how to integrate OpenAPI into your Spring Boot application for API documentation and testing using SpringDoc.",
    "thumbnail": "/images/spring-boot-openapi-thumbnail.webp",
    "topics": [
      {
        "id": "java",
        "name": "Java",
        "color": "red"
      },
      {
        "id": "kotlin",
        "name": "Kotlin",
        "color": "purple"
      },
      {
        "id": "spring-boot",
        "name": "Spring Boot",
        "color": "green"
      },
      {
        "id": "openapi",
        "name": "OpenAPI",
        "color": "orange"
      },
      {
        "id": "documentation",
        "name": "Documentation",
        "color": "brown"
      },
      {
        "id": "programming",
        "name": "Programming",
        "color": "brown"
      }
    ],
    "readingTimeMin": 3,
    "searchText": "spring boot with openapi learn how to integrate openapi into your spring boot application for api documentation and testing using springdoc java kotlin spring boot openapi documentation programming"
  },
  {
    "id": "spring-boot-clean-coding",
    "title": "Clean Coding Practices in Spring Boot",
    "date": "2024-12-19",
    "summary": "Learn how to apply clean coding principles in Spring Boot projects. Includes best practices, examples, and benefits of using Lombok in Java and Kotlin clean code techniques.",
    "thumbnail": "/images/spring-boot-clean-coding-thumbnail.webp",
    "topics": [
      {
        "id": "java",
        "name": "Java",
        "color": "red"
      },
      {
        "id": "kotlin",
        "name": "Kotlin",
        "color": "purple"
      },
      {
        "id": "spring-boot",
        "name": "Spring Boot",
        "color": "green"
      },
      {
        "id": "clean-coding",
        "name": "Clean Coding",
        "color": "orange"
      },
      {
        "id": "programming",
        "name": "Programming",
        "color": "brown"
      }
    ],
    "readingTimeMin": 3,
    "searchText": "clean coding practices in spring boot learn how to apply clean coding principles in spring boot projects includes best practices examples and benefits of using lombok in java and kotlin clean code techniques java kotlin spring boot clean coding programming"
  },
  {
    "id": "spring-boot-devtools",
    "title": "Spring Boot DevTools",
    "date": "2024-12-19",
    "summary": "Learn how to utilize Spring Boot DevTools for rapid development. Includes live reload, caching, and debugging tips.",
    "thumbnail": "/images/spring-boot-devtools-thumbnail.webp",
    "topics": [
      {
        "id": "java",
        "name": "Java",
        "color": "red"
      },
      {
        "id": "kotlin",
        "name": "Kotlin",
        "color": "purple"
      },
      {
        "id": "spring-boot",
        "name": "Spring Boot",
        "color": "green"
      },
      {
        "id": "devtools",
        "name": "Dev Tools",
        "color": "orange"
      },
      {
        "id": "programming",
        "name": "Programming",
        "color": "brown"
      }
    ],
    "readingTimeMin": 3,
    "searchText": "spring boot devtools learn how to utilize spring boot devtools for rapid development includes live reload caching and debugging tips java kotlin spring boot dev tools programming"
  },
  {
    "id": "spring-boot-actuator",
    "title": "Spring Boot Actuator",
    "date": "2024-12-18",
    "summary": "Learn how to use Spring Boot Actuator to monitor and manage your applications with ease. Includes endpoints, customization, and security examples.",
    "thumbnail": "/images/spring-boot-actuator-thumbnail.webp",
    "topics": [
      {
        "id": "java",
        "name": "Java",
        "color": "red"
      },
      {
        "id": "kotlin",
        "name": "Kotlin",
        "color": "purple"
      },
      {
        "id": "spring-boot",
        "name": "Spring Boot",
        "color": "green"
      },
      {
        "id": "actuator",
        "name": "Actuator",
        "color": "orange"
      },
      {
        "id": "monitoring",
        "name": "Monitoring",
        "color": "purple"
      },
      {
        "id": "programming",
        "name": "Programming",
        "color": "brown"
      }
    ],
    "readingTimeMin": 3,
    "searchText": "spring boot actuator learn how to use spring boot actuator to monitor and manage your applications with ease includes endpoints customization and security examples java kotlin spring boot actuator monitoring programming"
  },
  {
    "id": "spring-boot-aop",
    "title": "Aspect-Oriented Programming in Spring Boot",
    "date": "2024-12-18",
    "summary": "Learn how to implement Aspect-Oriented Programming (AOP) in Spring Boot using Java and Kotlin. Covers core concepts, use cases, and practical examples.",
    "thumbnail": "/images/spring-boot-aop-thumbnail.webp",
    "topics": [
      {
        "id": "java",
        "name": "Java",
        "color": "red"
      },
      {
        "id": "kotlin",
        "name": "Kotlin",
        "color": "purple"
      },
      {
        "id": "spring-boot",
        "name": "Spring Boot",
        "color": "green"
      },
      {
        "id": "aop",
        "name": "AOP",
        "color": "orange"
      },
      {
        "id": "programming",
        "name": "Programming",
        "color": "brown"
      }
    ],
    "readingTimeMin": 3,
    "searchText": "aspect oriented programming in spring boot learn how to implement aspect oriented programming aop in spring boot using java and kotlin covers core concepts use cases and practical examples java kotlin spring boot aop programming"
  },
  {
    "id": "spring-boot-di",
    "title": "Dependency Injection in Spring Boot",
    "date": "2024-12-18",
    "summary": "Learn how Dependency Injection (DI) works in Spring Boot, including examples in Java and Kotlin. Covers key concepts, annotations, and practical use cases.",
    "thumbnail": "/images/spring-boot-di-thumbnail.webp",
    "topics": [
      {
        "id": "java",
        "name": "Java",
        "color": "red"
      },
      {
        "id": "kotlin",
        "name": "Kotlin",
        "color": "purple"
      },
      {
        "id": "spring-boot",
        "name": "Spring Boot",
        "color": "green"
      },
      {
        "id": "dependency-injection",
        "name": "Dependency Injection",
        "color": "orange"
      },
      {
        "id": "programming",
        "name": "Programming",
        "color": "brown"
      }
    ],
    "readingTimeMin": 3,
    "searchText": "dependency injection in spring boot learn how dependency injection di works in spring boot including examples in java and kotlin covers key concepts annotations and practical use cases java kotlin spring boot dependency injection programming"
  },
  {
    "id": "object-relational-mapping",
    "title": "Object-Relational Mapping",
    "date": "2024-12-16",
    "summary": "Learn how to set up an ORM-based application with Spring Boot using Java, Kotlin, and Go (Gin). Includes PostgreSQL integration and basic CRUD operations.",
    "thumbnail": "/images/orm-thumbnail.webp",
    "topics": [
      {
        "id": "java",
        "name": "Java",
        "color": "red"
      },
      {
        "id": "kotlin",
        "name": "Kotlin",
        "color": "purple"
      },
      {
        "id": "go",
        "name": "Go",
        "color": "brown"
      },
      {
        "id": "spring-boot",
        "name": "Spring Boot",
        "color": "green"
      },
      {
        "id": "gin",
        "name": "Gin",
        "color": "green"
      },
      {
        "id": "orm",
        "name": "ORM",
        "color": "orange"
      },
      {
        "id": "programming",
        "name": "Programming",
        "color": "brown"
      }
    ],
    "readingTimeMin": 3,
    "searchText": "object relational mapping learn how to set up an orm based application with spring boot using java kotlin and go gin includes postgresql integration and basic crud operations java kotlin go spring boot gin orm programming"
  },
  {
    "id": "rest-api-input-validation",
    "title": "Input Validation in REST APIs",
    "date": "2024-12-15",
    "summary": "Learn how to implement input validation in REST APIs using Java, Kotlin, and Go with frameworks like Spring Boot and Gin. Covers annotations, custom validators, and error handling.",
    "thumbnail": "/images/input-validation-thumbnail.webp",
    "topics": [
      {
        "id": "java",
        "name": "Java",
        "color": "red"
      },
      {
        "id": "kotlin",
        "name": "Kotlin",
        "color": "purple"
      },
      {
        "id": "go",
        "name": "Go",
        "color": "brown"
      },
      {
        "id": "spring-boot",
        "name": "Spring Boot",
        "color": "green"
      },
      {
        "id": "gin",
        "name": "Gin",
        "color": "green"
      },
      {
        "id": "validation",
        "name": "Validation",
        "color": "orange"
      },
      {
        "id": "programming",
        "name": "Programming",
        "color": "brown"
      }
    ],
    "readingTimeMin": 3,
    "searchText": "input validation in rest apis learn how to implement input validation in rest apis using java kotlin and go with frameworks like spring boot and gin covers annotations custom validators and error handling java kotlin go spring boot gin validation programming"
  },
  {
    "id": "spring-boot-graphql",
    "title": "Building APIs with Spring for GraphQL",
    "date": "2024-12-15",
    "summary": "Learn how to build GraphQL APIs using Spring for GraphQL with Java and Kotlin. Includes schema creation, query handling, and integration.",
    "thumbnail": "/images/spring-boot-graphql-thumbnail.webp",
    "topics": [
      {
        "id": "java",
        "name": "Java",
        "color": "red"
      },
      {
        "id": "kotlin",
        "name": "Kotlin",
        "color": "purple"
      },
      {
        "id": "graphql",
        "name": "GraphQL",
        "color": "pink"
      },
      {
        "id": "spring-boot",
        "name": "Spring Boot",
        "color": "green"
      },
      {
        "id": "programming",
        "name": "Programming",
        "color": "brown"
      }
    ],
    "readingTimeMin": 3,
    "searchText": "building apis with spring for graphql learn how to build graphql apis using spring for graphql with java and kotlin includes schema creation query handling and integration java kotlin graphql spring boot programming"
  },
  {
    "id": "golang-gin-first-application",
    "title": "Gin - First Application",
    "date": "2024-12-14",
    "summary": "A beginner-friendly guide to creating your first Golang Gin application from scratch. Learn the basics and start your journey with Gin.",
    "thumbnail": "/images/golang-gin-first-app-thumbnail.webp",
    "topics": [
      {
        "id": "go",
        "name": "Go",
        "color": "brown"
      },
      {
        "id": "gin",
        "name": "Gin",
        "color": "green"
      },
      {
        "id": "beginner-guide",
        "name": "Beginner Guide",
        "color": "orange"
      },
      {
        "id": "programming",
        "name": "Programming",
        "color": "brown"
      }
    ],
    "readingTimeMin": 3,
    "searchText": "gin first application a beginner friendly guide to creating your first golang gin application from scratch learn the basics and start your journey with gin go gin beginner guide programming"
  },
  {
    "id": "building-a-rest-api-with-spring-boot",
    "title": "Building a REST API with Spring Boot",
    "date": "2024-12-11",
    "summary": "Learn how to create a REST API using Spring Boot. Includes HTTP methods, JSON handling, Lombok integration, and curl for testing.",
    "thumbnail": "/images/spring-boot-rest-api-thumbnail.webp",
    "topics": [
      {
        "id": "java",
        "name": "Java",
        "color": "red"
      },
      {
        "id": "kotlin",
        "name": "Kotlin",
        "color": "purple"
      },
      {
        "id": "spring-boot",
        "name": "Spring Boot",
        "color": "green"
      },
      {
        "id": "rest-api",
        "name": "REST API",
        "color": "blue"
      },
      {
        "id": "programming",
        "name": "Programming",
        "color": "brown"
      }
    ],
    "readingTimeMin": 3,
    "searchText": "building a rest api with spring boot learn how to create a rest api using spring boot includes http methods json handling lombok integration and curl for testing java kotlin spring boot rest api programming"
  },
  {
    "id": "spring-boot-first-application",
    "title": "Spring Boot - First Application",
    "date": "2024-12-10",
    "summary": "A beginner-friendly guide to creating your first Spring Boot application from scratch. Learn the basics and start your journey with Spring Boot.",
    "thumbnail": "/images/spring-boot-first-app-thumbnail.webp",
    "topics": [
      {
        "id": "java",
        "name": "Java",
        "color": "red"
      },
      {
        "id": "kotlin",
        "name": "Kotlin",
        "color": "purple"
      },
      {
        "id": "spring-boot",
        "name": "Spring Boot",
        "color": "green"
      },
      {
        "id": "beginner-guide",
        "name": "Beginner Guide",
        "color": "orange"
      },
      {
        "id": "programming",
        "name": "Programming",
        "color": "brown"
      }
    ],
    "readingTimeMin": 3,
    "searchText": "spring boot first application a beginner friendly guide to creating your first spring boot application from scratch learn the basics and start your journey with spring boot java kotlin spring boot beginner guide programming"
  },
  {
    "id": "https://medium.com/p/eb227e1a748b",
    "title": "React & Spring Boot Graphql Fullstack Microservice Application on Kubernetes",
    "date": "Sun, 28 Aug 2022 16:29:12 GMT",
    "summary": "Hello everyone, In this article, we will develop a fullstack graphql microservice application using React and Spring Boot and deploy this application on Kubernetes.\nGraphQL\nGraphQL is a query language...",
    "thumbnail": "https://cdn-images-1.medium.com/max/1024/1*PGprMpt9l9D_eUGYW1tzSA.png",
    "topics": [
      {
        "id": "microservices",
        "name": "microservices",
        "color": "red",
        "link": "https://medium.com/tag/microservices"
      },
      {
        "id": "spring-boot",
        "name": "spring-boot",
        "color": "pink",
        "link": "https://medium.com/tag/spring-boot"
      },
      {
        "id": "graphql",
        "name": "graphql",
        "color": "cyan",
        "link": "https://medium.com/tag/graphql"
      },
      {
        "id": "kubernetes",
        "name": "kubernetes",
        "color": "red",
        "link": "https://medium.com/tag/kubernetes"
      },
      {
        "id": "react",
        "name": "react",
        "color": "brown",
        "link": "https://medium.com/tag/react"
      }
    ],
    "readingTimeMin": 5,
    "source": "medium",
    "link": "https://suaybsimsek58.medium.com/react-spring-boot-graphql-fullstack-microservice-application-on-kubernetes-eb227e1a748b?source=rss-bda589f2335a------2",
    "searchText": "react spring boot graphql fullstack microservice application on kubernetes hello everyone in this article we will develop a fullstack graphql microservice application using react and spring boot and deploy this application on kubernetes graphql graphql is a query language microservices spring boot graphql kubernetes react"
  },
  {
    "id": "https://medium.com/p/7ea33894d12b",
    "title": "React & Spring Boot Hateoas Driven Fullstack Application on Kubernetes",
    "date": "Tue, 15 Mar 2022 19:22:26 GMT",
    "summary": "Hello everyone, In this article, we will develop a hateoas driven fullstack application using React and Spring Boot and deploy this application on Kubernetes.\nRichardson Maturity Model\n\nLeonard Richar...",
    "thumbnail": "https://cdn-images-1.medium.com/max/1024/1*mbUH1UeaKybgUMKTP1ou5w.png",
    "topics": [
      {
        "id": "kubernetes",
        "name": "kubernetes",
        "color": "red",
        "link": "https://medium.com/tag/kubernetes"
      },
      {
        "id": "spring-boot",
        "name": "spring-boot",
        "color": "pink",
        "link": "https://medium.com/tag/spring-boot"
      },
      {
        "id": "hateoas",
        "name": "hateoas",
        "color": "cyan",
        "link": "https://medium.com/tag/hateoas"
      },
      {
        "id": "react",
        "name": "react",
        "color": "brown",
        "link": "https://medium.com/tag/react"
      },
      {
        "id": "spring-native",
        "name": "spring-native",
        "color": "green",
        "link": "https://medium.com/tag/spring-native"
      }
    ],
    "readingTimeMin": 6,
    "source": "medium",
    "link": "https://suaybsimsek58.medium.com/react-spring-boot-hateoas-driven-fullstack-application-on-kubernetes-7ea33894d12b?source=rss-bda589f2335a------2",
    "searchText": "react spring boot hateoas driven fullstack application on kubernetes hello everyone in this article we will develop a hateoas driven fullstack application using react and spring boot and deploy this application on kubernetes richardson maturity model leonard richar kubernetes spring boot hateoas react spring native"
  },
  {
    "id": "https://medium.com/p/b82662ada0a4",
    "title": "Spring Boot Fullstack Blockchain Application With Hyperledger Fabric running on Kubernetes (Part 6)",
    "date": "Mon, 10 Jan 2022 20:01:06 GMT",
    "summary": "Spring Boot Fullstack Blockchain Application With Hyperledger Fabric running on Kubernetes (Part 6) — Orderer\n\nHello everyone, through this article series we will the Hyperledger Fabric integration wi...",
    "thumbnail": "https://cdn-images-1.medium.com/max/1024/1*268MMjpMXhKeCJKmo74BWA.png",
    "topics": [
      {
        "id": "orderer",
        "name": "orderer",
        "color": "brown",
        "link": "https://medium.com/tag/orderer"
      },
      {
        "id": "blockchain",
        "name": "blockchain",
        "color": "red",
        "link": "https://medium.com/tag/blockchain"
      },
      {
        "id": "kubernetes",
        "name": "kubernetes",
        "color": "red",
        "link": "https://medium.com/tag/kubernetes"
      },
      {
        "id": "spring-boot",
        "name": "spring-boot",
        "color": "pink",
        "link": "https://medium.com/tag/spring-boot"
      },
      {
        "id": "hyperledger-fabric",
        "name": "hyperledger-fabric",
        "color": "green",
        "link": "https://medium.com/tag/hyperledger-fabric"
      }
    ],
    "readingTimeMin": 6,
    "source": "medium",
    "link": "https://suaybsimsek58.medium.com/spring-boot-fullstack-blockchain-application-with-hyperledger-fabric-running-on-kubernetes-part-6-b82662ada0a4?source=rss-bda589f2335a------2",
    "searchText": "spring boot fullstack blockchain application with hyperledger fabric running on kubernetes part 6 spring boot fullstack blockchain application with hyperledger fabric running on kubernetes part 6 orderer hello everyone through this article series we will the hyperledger fabric integration wi orderer blockchain kubernetes spring boot hyperledger fabric"
  },
  {
    "id": "https://medium.com/p/1723502770e7",
    "title": "Spring Boot Fullstack Blockchain Application With Hyperledger Fabric running on Kubernetes (Part 5)",
    "date": "Mon, 27 Dec 2021 19:30:57 GMT",
    "summary": "Spring Boot Fullstack Blockchain Application With Hyperledger Fabric running on Kubernetes (Part 5) — Kafka\n\nHello everyone, through this article series we will the Hyperledger Fabric integration with...",
    "thumbnail": "https://cdn-images-1.medium.com/max/1024/1*cN6xIURs0Xub9a7A38II-g.png",
    "topics": [
      {
        "id": "hyperledger-fabric",
        "name": "hyperledger-fabric",
        "color": "green",
        "link": "https://medium.com/tag/hyperledger-fabric"
      },
      {
        "id": "kubernetes",
        "name": "kubernetes",
        "color": "red",
        "link": "https://medium.com/tag/kubernetes"
      },
      {
        "id": "blockchain",
        "name": "blockchain",
        "color": "red",
        "link": "https://medium.com/tag/blockchain"
      },
      {
        "id": "spring-boot",
        "name": "spring-boot",
        "color": "pink",
        "link": "https://medium.com/tag/spring-boot"
      },
      {
        "id": "kafka",
        "name": "kafka",
        "color": "red",
        "link": "https://medium.com/tag/kafka"
      }
    ],
    "readingTimeMin": 7,
    "source": "medium",
    "link": "https://suaybsimsek58.medium.com/spring-boot-fullstack-blockchain-application-with-hyperledger-fabric-running-on-kubernetes-part-5-1723502770e7?source=rss-bda589f2335a------2",
    "searchText": "spring boot fullstack blockchain application with hyperledger fabric running on kubernetes part 5 spring boot fullstack blockchain application with hyperledger fabric running on kubernetes part 5 kafka hello everyone through this article series we will the hyperledger fabric integration with hyperledger fabric kubernetes blockchain spring boot kafka"
  },
  {
    "id": "https://medium.com/p/daf84e4f9227",
    "title": "Reducing Spring Native and Golang Docker Image Size by 70% with Upx",
    "date": "Mon, 20 Dec 2021 18:03:04 GMT",
    "summary": "Reducing Docker Image Size by 70% in Spring Native and Golang Projects with Upx\n\nHi, In this article, I will explain how we can reduce the docker image size by 70% using upx in spring native and golan...",
    "thumbnail": "https://cdn-images-1.medium.com/max/1024/1*ssImHh3iXkYz014MF6ukrw.png",
    "topics": [
      {
        "id": "upx",
        "name": "upx",
        "color": "cyan",
        "link": "https://medium.com/tag/upx"
      },
      {
        "id": "golang",
        "name": "golang",
        "color": "yellow",
        "link": "https://medium.com/tag/golang"
      },
      {
        "id": "docker",
        "name": "docker",
        "color": "yellow",
        "link": "https://medium.com/tag/docker"
      },
      {
        "id": "spring-boot",
        "name": "spring-boot",
        "color": "pink",
        "link": "https://medium.com/tag/spring-boot"
      },
      {
        "id": "spring-native",
        "name": "spring-native",
        "color": "green",
        "link": "https://medium.com/tag/spring-native"
      }
    ],
    "readingTimeMin": 3,
    "source": "medium",
    "link": "https://suaybsimsek58.medium.com/reducing-spring-native-and-golang-docker-image-size-by-70-with-upx-daf84e4f9227?source=rss-bda589f2335a------2",
    "searchText": "reducing spring native and golang docker image size by 70 with upx reducing docker image size by 70 in spring native and golang projects with upx hi in this article i will explain how we can reduce the docker image size by 70 using upx in spring native and golan upx golang docker spring boot spring native"
  },
  {
    "id": "https://medium.com/p/d6583a57153c",
    "title": "Spring Boot Fullstack Blockchain Application With Hyperledger Fabric running on Kubernetes (Part 4)",
    "date": "Sat, 27 Nov 2021 13:47:38 GMT",
    "summary": "Spring Boot Fullstack Blockchain Application With Hyperledger Fabric running on Kubernetes (Part 4) — Generating Certificates and Artifacts\n\nHello everyone, through this article series we will the Hyp...",
    "thumbnail": "https://cdn-images-1.medium.com/max/1024/1*RynSwoXhv_P64QKrH4q2ZQ.png",
    "topics": [
      {
        "id": "blockchain",
        "name": "blockchain",
        "color": "red",
        "link": "https://medium.com/tag/blockchain"
      },
      {
        "id": "kubernetes",
        "name": "kubernetes",
        "color": "red",
        "link": "https://medium.com/tag/kubernetes"
      },
      {
        "id": "hyperledger",
        "name": "hyperledger",
        "color": "purple",
        "link": "https://medium.com/tag/hyperledger"
      },
      {
        "id": "hyperledger-fabric",
        "name": "hyperledger-fabric",
        "color": "green",
        "link": "https://medium.com/tag/hyperledger-fabric"
      },
      {
        "id": "spring-boot",
        "name": "spring-boot",
        "color": "pink",
        "link": "https://medium.com/tag/spring-boot"
      }
    ],
    "readingTimeMin": 6,
    "source": "medium",
    "link": "https://suaybsimsek58.medium.com/spring-boot-fullstack-blockchain-application-with-hyperledger-fabric-running-on-kubernetes-part-4-d6583a57153c?source=rss-bda589f2335a------2",
    "searchText": "spring boot fullstack blockchain application with hyperledger fabric running on kubernetes part 4 spring boot fullstack blockchain application with hyperledger fabric running on kubernetes part 4 generating certificates and artifacts hello everyone through this article series we will the hyp blockchain kubernetes hyperledger hyperledger fabric spring boot"
  },
  {
    "id": "https://medium.com/p/7eb2fc75ba60",
    "title": "Spring Boot Fullstack Blockchain Application With Hyperledger Fabric running on Kubernetes (Part 3)",
    "date": "Sun, 21 Nov 2021 14:33:12 GMT",
    "summary": "Spring Boot Fullstack Blockchain Application With Hyperledger Fabric running on Kubernetes (Part 3) — Fabric CA Server\n\nHello everyone, through this article series we will the Hyperledger Fabric integ...",
    "thumbnail": "https://cdn-images-1.medium.com/max/1024/1*S9G4q0odpEbDjhcIowUDQw.png",
    "topics": [
      {
        "id": "spring-boot",
        "name": "spring-boot",
        "color": "pink",
        "link": "https://medium.com/tag/spring-boot"
      },
      {
        "id": "hyperledger-fabric",
        "name": "hyperledger-fabric",
        "color": "green",
        "link": "https://medium.com/tag/hyperledger-fabric"
      },
      {
        "id": "blockchain",
        "name": "blockchain",
        "color": "red",
        "link": "https://medium.com/tag/blockchain"
      },
      {
        "id": "fabric-ca-server",
        "name": "fabric-ca-server",
        "color": "gray",
        "link": "https://medium.com/tag/fabric-ca-server"
      },
      {
        "id": "kubernetes",
        "name": "kubernetes",
        "color": "red",
        "link": "https://medium.com/tag/kubernetes"
      }
    ],
    "readingTimeMin": 7,
    "source": "medium",
    "link": "https://suaybsimsek58.medium.com/spring-boot-fullstack-blockchain-application-with-hyperledger-fabric-running-on-kubernetes-part-3-7eb2fc75ba60?source=rss-bda589f2335a------2",
    "searchText": "spring boot fullstack blockchain application with hyperledger fabric running on kubernetes part 3 spring boot fullstack blockchain application with hyperledger fabric running on kubernetes part 3 fabric ca server hello everyone through this article series we will the hyperledger fabric integ spring boot hyperledger fabric blockchain fabric ca server kubernetes"
  },
  {
    "id": "https://medium.com/p/ddce8d25858d",
    "title": "Spring Boot Fullstack Blockchain Application With Hyperledger Fabric running on Kubernetes (Part 2)",
    "date": "Sun, 31 Oct 2021 18:04:46 GMT",
    "summary": "Spring Boot Fullstack Blockchain Application With Hyperledger Fabric running on Kubernetes (Part 2) — Kubernetes Cluster Setup\n\nHello everyone, through this article series we will the Hyperledger Fabr...",
    "thumbnail": "https://cdn-images-1.medium.com/max/1024/1*9wP-lyvH_YZXzgJHWQRfCw.png",
    "topics": [
      {
        "id": "blockchain",
        "name": "blockchain",
        "color": "red",
        "link": "https://medium.com/tag/blockchain"
      },
      {
        "id": "kubernetes",
        "name": "kubernetes",
        "color": "red",
        "link": "https://medium.com/tag/kubernetes"
      },
      {
        "id": "spring-boot",
        "name": "spring-boot",
        "color": "pink",
        "link": "https://medium.com/tag/spring-boot"
      },
      {
        "id": "vagrant",
        "name": "vagrant",
        "color": "purple",
        "link": "https://medium.com/tag/vagrant"
      },
      {
        "id": "hyperledger-fabric",
        "name": "hyperledger-fabric",
        "color": "green",
        "link": "https://medium.com/tag/hyperledger-fabric"
      }
    ],
    "readingTimeMin": 7,
    "source": "medium",
    "link": "https://suaybsimsek58.medium.com/spring-boot-fullstack-blockchain-application-with-hyperledger-fabric-running-on-kubernetes-part-ddce8d25858d?source=rss-bda589f2335a------2",
    "searchText": "spring boot fullstack blockchain application with hyperledger fabric running on kubernetes part 2 spring boot fullstack blockchain application with hyperledger fabric running on kubernetes part 2 kubernetes cluster setup hello everyone through this article series we will the hyperledger fabr blockchain kubernetes spring boot vagrant hyperledger fabric"
  },
  {
    "id": "https://medium.com/p/c8f7c87d60eb",
    "title": "Spring Boot Fullstack Blockchain Application With Hyperledger Fabric running on Kubernetes (Part 1)",
    "date": "Sun, 17 Oct 2021 17:59:32 GMT",
    "summary": "Spring Boot Fullstack Blockchain Application With Hyperledger Fabric running on Kubernetes (Part 1) — Introduction\n\nHello everyone, through this article series we will the Hyperledger Fabric integrati...",
    "thumbnail": "https://cdn-images-1.medium.com/max/1024/1*R9q34HnrsGeQiExwr54NYA.png",
    "topics": [
      {
        "id": "hyperledger-fabric",
        "name": "hyperledger-fabric",
        "color": "green",
        "link": "https://medium.com/tag/hyperledger-fabric"
      },
      {
        "id": "blockchain",
        "name": "blockchain",
        "color": "red",
        "link": "https://medium.com/tag/blockchain"
      },
      {
        "id": "spring",
        "name": "spring",
        "color": "brown",
        "link": "https://medium.com/tag/spring"
      },
      {
        "id": "spring-boot",
        "name": "spring-boot",
        "color": "pink",
        "link": "https://medium.com/tag/spring-boot"
      },
      {
        "id": "hyperledger-explorer",
        "name": "hyperledger-explorer",
        "color": "green",
        "link": "https://medium.com/tag/hyperledger-explorer"
      }
    ],
    "readingTimeMin": 6,
    "source": "medium",
    "link": "https://suaybsimsek58.medium.com/spring-boot-fullstack-blockchain-application-with-hyperledger-fabric-running-on-kubernetes-part-1-c8f7c87d60eb?source=rss-bda589f2335a------2",
    "searchText": "spring boot fullstack blockchain application with hyperledger fabric running on kubernetes part 1 spring boot fullstack blockchain application with hyperledger fabric running on kubernetes part 1 introduction hello everyone through this article series we will the hyperledger fabric integrati hyperledger fabric blockchain spring spring boot hyperledger explorer"
  }
]
