[
  { "id": "java", "name": "Java", "color": "red" },
  { "id": "kotlin", "name": "Kotlin", "color": "purple" },
  { "id": "go", "name": "Go", "color": "brown" },
  { "id": "spring-boot", "name": "Spring Boot", "color": "green" },
  { "id": "spring-cloud", "name": "Spring Cloud", "color": "pink" },
  { "id": "microservice", "name": "Microservice", "color": "orange" },
  { "id": "docker", "name": "Docker", "color": "blue" },
  { "id": "kubernetes", "name": "Kubernetes", "color": "blue" },
  { "id": "rest-api", "name": "REST API", "color": "blue" },
  { "id": "programming", "name": "Programming", "color": "brown" },
  { "id": "gin", "name": "Gin", "color": "green" },
  { "id": "beginner-guide", "name": "Beginner Guide", "color": "orange" },
  { "id": "orm", "name": "ORM", "color": "orange" },
  { "id": "validation", "name": "Validation", "color": "orange" },
  { "id": "actuator", "name": "Actuator", "color": "orange" },
  { "id": "monitoring", "name": "Monitoring", "color": "purple" },
  { "id": "aop", "name": "AOP", "color": "orange" },
  { "id": "clean-coding", "name": "Clean Coding", "color": "orange" },
  { "id": "devtools", "name": "Dev Tools", "color": "orange" },
  { "id": "dependency-injection", "name": "Dependency Injection", "color": "orange" },
  { "id": "configuration", "name": "Configuration", "color": "blue" },
  { "id": "graphql", "name": "GraphQL", "color": "pink" },
  { "id": "openapi", "name": "OpenAPI", "color": "orange" },
  { "id": "documentation", "name": "Documentation", "color": "brown" },
  { "id": "redis", "name": "Redis", "color": "orange" },
  { "id": "caching", "name": "Caching", "color": "brown" },
  { "id": "kafka", "name": "Kafka", "color": "orange" },
  { "id": "messaging", "name": "Messaging", "color": "brown" },
  { "id": "graalvm", "name": "GraalVM", "color": "pink" },
  { "id": "native-image", "name": "Native Image", "color": "orange" },
  { "id": "reactive-programming", "name": "Reactive Programming", "color": "blue" },
  { "id": "webflux", "name": "Spring WebFlux", "color": "orange" },
  { "id": "scheduled-tasks", "name": "Scheduled Tasks", "color": "blue" },
  { "id": "async-tasks", "name": "Async Tasks", "color": "blue" },
  { "id": "containerization", "name": "Containerization", "color": "orange" },
  { "id": "jib", "name": "Jib", "color": "pink" },
  { "id": "config-server", "name": "Config Server", "color": "blue" },
  { "id": "eureka-server", "name": "Eureka Server", "color": "blue" },
  { "id": "circuit-breaker", "name": "Circuit Breaker", "color": "blue" },
  { "id": "tdd", "name": "TDD", "color": "blue" },
  { "id": "testing", "name": "Testing", "color": "orange" },
  { "id": "spring-data", "name": "Spring Data", "color": "yellow" },
  { "id": "jpa", "name": "JPA", "color": "blue" },
  { "id": "auditing", "name": "Auditing", "color": "orange" },
  { "id": "ai", "name": "Artificial Intelligence", "color": "pink" },
  { "id": "spring-ai", "name": "Spring AI", "color": "orange" },
  { "id": "virtual-thread", "name": "Virtual Thread", "color": "orange" },
  { "id": "rest-client", "name": "Rest Client", "color": "orange" },
  { "id": "security", "name": "Security", "color": "blue" },
  { "id": "jwt", "name": "JWT", "color": "pink" },
  { "id": "jwe", "name": "JWE", "color": "orange" },
  { "id": "ldap", "name": "LDAP", "color": "red" }
]
